name,input,function,level
"mt_09sySPqM9Z","mt_ndGqFPWyen","function() { return ""mt_09sySPqM9Z""; }","6"
"mt_14T5yPXUq_","mt_b7T_CjOYUR","function() { return ""mt_14T5yPXUq_""; }","11"
"mt_14T5yPXUq_","mt_o_p_3tCxiM","function() { return ""mt_14T5yPXUq_""; }","11"
"mt_14T5yPXUq_","mt__V7EnqU7gG","function() { return ""mt_14T5yPXUq_""; }","11"
"mt_1PAWhRhpdg","mt_4Km38F4L_6","function() { return ""mt_1PAWhRhpdg""; }","13"
"mt_1PAWhRhpdg","mt_AabJisinfi","function() { return ""mt_1PAWhRhpdg""; }","13"
"mt_1PAWhRhpdg","mt_ifPDOYvUqm","function() { return ""mt_1PAWhRhpdg""; }","13"
"mt_3y7xKP9MjU","mt_CBHwluE6Lp","function() { return ""mt_3y7xKP9MjU""; }","7"
"mt_3y7xKP9MjU","mt_k2WE0_22_4","function() { return ""mt_3y7xKP9MjU""; }","7"
"mt_4K1dr204Hi","mt_4Km38F4L_6","function() { return ""mt_4K1dr204Hi""; }","14"
"mt_4K1dr204Hi","mt_4ubP_RMg9o","function() { return ""mt_4K1dr204Hi""; }","14"
"mt_4K1dr204Hi","mt_ZM9mhHsyYZ","function() { return ""mt_4K1dr204Hi""; }","14"
"mt_4Km38F4L_6","mt_TgHxujL81r","function() { return ""mt_4Km38F4L-6""; }","8"
"mt_4ubP_RMg9o","mt_DRlbMok2lT","function() { return ""mt_4ubP_RMg9o""; }","13"
"mt_4ubP_RMg9o","mt_ZM9mhHsyYZ","function() { return ""mt_4ubP_RMg9o""; }","13"
"mt_70qDTI14td","mt_o_p_3tCxiM","function() { return ""mt_70qDTI14td""; }","8"
"mt_70qDTI14td","mt_VgOePicFYK","function() { return ""mt_70qDTI14td""; }","8"
"mt_933BohS9BH","mt_IegHBHERVa","function() { return ""mt_933BohS9BH""; }","13"
"mt_933BohS9BH","mt_kdWoAel3Zl","function() { return ""mt_933BohS9BH""; }","13"
"mt_9Y96vxG_LH","mt_AabJisinfi","function() { return ""mt_9Y96vxG_LH""; }","13"
"mt_9Y96vxG_LH","mt_ifPDOYvUqm","function() { return ""mt_9Y96vxG_LH""; }","13"
"mt_a1FdAsRKOF","mt_Kr3IyA6m_O","function() { return ""mt_a1FdAsRKOF""; }","5"
"mt_AabJisinfi","mt_b7T_CjOYUR","function() { return ""mt_AabJisinfi""; }","11"
"mt_AabJisinfi","mt_TgHxujL81r","function() { return ""mt_AabJisinfi""; }","11"
"mt_AYzE1EAvI0","mt_ndGqFPWyen","function() { return ""mt_AYzE1EAvI0""; }","6"
"mt_b7T_CjOYUR","mt_ebPelt_qAl","function() { return ""mt_b7T-CjOYUR""; }","10"
"mt_CBHwluE6Lp","mt_a1FdAsRKOF","function() { return ""mt_CBHwluE6Lp""; }","6"
"mt_cFltwUQi_d","mt_g3W0mdADVu","function() { return ""mt_cFltwUQi-d""; }","2"
"mt_cFltwUQi_d","mt__hTTat0mBR","function() { return ""mt_cFltwUQi-d""; }","2"
"mt_doX1BhmFgk","mt_YzM5goBctT","function() { return ""mt_doX1BhmFgk""; }","4"
"mt_DRlbMok2lT","mt_Ep7TDFuYUa","function() { return ""mt_DRlbMok2lT""; }","8"
"mt_DRlbMok2lT","mt_TqDq6jyOmL","function() { return ""mt_DRlbMok2lT""; }","8"
"mt_e7filQgayF","mt_14T5yPXUq_","function() { return ""mt_e7filQgayF""; }","12"
"mt_e7filQgayF","mt_ZLqYE7la4Z","function() { return ""mt_e7filQgayF""; }","12"
"mt_ebPelt_qAl","mt_Ep7TDFuYUa","function() { return ""mt_ebPelt-qAl""; }","9"
"mt_ebPelt_qAl","mt_FP_mjXaq3B","function() { return ""mt_ebPelt-qAl""; }","9"
"mt_Ep7TDFuYUa","mt_FbDKeLfBCo","function() { return ""mt_Ep7TDFuYUa""; }","7"
"mt_Ep7TDFuYUa","mt_ndGqFPWyen","function() { return ""mt_Ep7TDFuYUa""; }","7"
"mt_Ep7TDFuYUa","mt_NoB20kVa4w","function() { return ""mt_Ep7TDFuYUa""; }","7"
"mt_FbDKeLfBCo","mt_Kr3IyA6m_O","function() { return ""mt_FbDKeLfBCo""; }","5"
"mt_FbDKeLfBCo","mt_MyGblah2yY","function() { return ""mt_FbDKeLfBCo""; }","5"
"mt_Fl7b8q9pI1","mt_TqDq6jyOmL","function() { return ""mt_Fl7b8q9pI1""; }","6"
"mt_FP_mjXaq3B","mt_Ep7TDFuYUa","function() { return ""mt_FP-mjXaq3B""; }","8"
"mt_g3W0mdADVu","mt__hTTat0mBR","function() { return ""mt_g3W0mdADVu""; }","1"
"mt_gNUE4B3vuk","mt_14T5yPXUq_","function() { return ""mt_gNUE4B3vuk""; }","13"
"mt_gNUE4B3vuk","mt_AabJisinfi","function() { return ""mt_gNUE4B3vuk""; }","13"
"mt_gNUE4B3vuk","mt_ifPDOYvUqm","function() { return ""mt_gNUE4B3vuk""; }","13"
"mt_gx6KQK5_Kx","mt_AabJisinfi","function() { return ""mt_gx6KQK5-Kx""; }","12"
"mt_HJA2Oz_Zh1","mt_TgHxujL81r","function() { return ""mt_HJA2Oz-Zh1""; }","8"
"mt_HnKbuCliNS","mt_IfEgu0X449","function() { return ""mt_HnKbuCliNS""; }","6"
"mt_HnKbuCliNS","mt_ndGqFPWyen","function() { return ""mt_HnKbuCliNS""; }","6"
"mt_hyvHv2BCwb","mt_xACS3rWWDp","function() { return ""mt_hyvHv2BCwb""; }","3"
"mt_idbKDrf9qZ","mt_ndGqFPWyen","function() { return ""mt_idbKDrf9qZ""; }","6"
"mt_idbKDrf9qZ","mt_Xp_rj46S2w","function() { return ""mt_idbKDrf9qZ""; }","6"
"mt_IegHBHERVa","mt_TqDq6jyOmL","function() { return ""mt_IegHBHERVa""; }","6"
"mt_IfEgu0X449","mt_hyvHv2BCwb","function() { return ""mt_IfEgu0X449""; }","5"
"mt_IfEgu0X449","mt_Kr3IyA6m_O","function() { return ""mt_IfEgu0X449""; }","5"
"mt_ifPDOYvUqm","mt_4Km38F4L_6","function() { return ""mt_ifPDOYvUqm""; }","12"
"mt_ifPDOYvUqm","mt_AabJisinfi","function() { return ""mt_ifPDOYvUqm""; }","12"
"mt_Ii1hV4V5ql","mt_Fl7b8q9pI1","function() { return ""mt_Ii1hV4V5ql""; }","7"
"mt_k2WE0_22_4","mt_cFltwUQi_d","function() { return ""mt_k2WE0-22-4""; }","3"
"mt_kDMKJ5Ztt6","mt_doX1BhmFgk","function() { return ""mt_kDMKJ5Ztt6""; }","6"
"mt_kDMKJ5Ztt6","mt_TqDq6jyOmL","function() { return ""mt_kDMKJ5Ztt6""; }","6"
"mt_kdWoAel3Zl","mt_Vi4Vo5xs_g","function() { return ""mt_kdWoAel3Zl""; }","12"
"mt_Kr3IyA6m_O","mt_cFltwUQi_d","function() { return ""mt_Kr3IyA6m-O""; }","4"
"mt_Kr3IyA6m_O","mt_YzM5goBctT","function() { return ""mt_Kr3IyA6m-O""; }","4"
"mt_lvaSGHwvQ5","mt_AabJisinfi","function() { return ""mt_lvaSGHwvQ5""; }","14"
"mt_lvaSGHwvQ5","mt_gx6KQK5_Kx","function() { return ""mt_lvaSGHwvQ5""; }","14"
"mt_lvaSGHwvQ5","mt_VKW8lOcFaw","function() { return ""mt_lvaSGHwvQ5""; }","14"
"mt_MyGblah2yY","mt_cFltwUQi_d","function() { return ""mt_MyGblah2yY""; }","3"
"mt_NaqEP8xDhZ","mt_doX1BhmFgk","function() { return ""mt_NaqEP8xDhZ""; }","10"
"mt_NaqEP8xDhZ","mt_ebPelt_qAl","function() { return ""mt_NaqEP8xDhZ""; }","10"
"mt_ndGqFPWyen","mt_cFltwUQi_d","function() { return ""mt_ndGqFPWyen""; }","5"
"mt_ndGqFPWyen","mt_Xp_rj46S2w","function() { return ""mt_ndGqFPWyen""; }","5"
"mt_NoB20kVa4w","mt_Kr3IyA6m_O","function() { return ""mt_NoB20kVa4w""; }","6"
"mt_NoB20kVa4w","mt_ndGqFPWyen","function() { return ""mt_NoB20kVa4w""; }","6"
"mt_o_p_3tCxiM","mt_09sySPqM9Z","function() { return ""mt_o_p-3tCxiM""; }","7"
"mt_o_p_3tCxiM","mt_AYzE1EAvI0","function() { return ""mt_o_p-3tCxiM""; }","7"
"mt_PL9VkDwXfh","mt_b7T_CjOYUR","function() { return ""mt_PL9VkDwXfh""; }","11"
"mt_PL9VkDwXfh","mt_SXbZ3bC9z7","function() { return ""mt_PL9VkDwXfh""; }","11"
"mt_rCMdwG_YOE","mt_1PAWhRhpdg","function() { return ""mt_rCMdwG-YOE""; }","14"
"mt_rCMdwG_YOE","mt_HJA2Oz_Zh1","function() { return ""mt_rCMdwG-YOE""; }","14"
"mt_rCMdwG_YOE","mt_ifPDOYvUqm","function() { return ""mt_rCMdwG-YOE""; }","14"
"mt_sA2OvTiech","mt_933BohS9BH","function() { return ""mt_sA2OvTiech""; }","14"
"mt_sA2OvTiech","mt_Ii1hV4V5ql","function() { return ""mt_sA2OvTiech""; }","14"
"mt_SBkTGjiZjZ","mt_4K1dr204Hi","function() { return ""mt_SBkTGjiZjZ""; }","15"
"mt_SsLWS_APM7","mt_a1FdAsRKOF","function() { return ""mt_SsLWS_APM7""; }","6"
"mt_SsLWS_APM7","mt_IfEgu0X449","function() { return ""mt_SsLWS_APM7""; }","6"
"mt_SsLWS_APM7","mt_k2WE0_22_4","function() { return ""mt_SsLWS_APM7""; }","6"
"mt_SXbZ3bC9z7","mt_ebPelt_qAl","function() { return ""mt_SXbZ3bC9z7""; }","10"
"mt_SXbZ3bC9z7","mt_HnKbuCliNS","function() { return ""mt_SXbZ3bC9z7""; }","10"
"mt_TgHxujL81r","mt_09sySPqM9Z","function() { return ""mt_TgHxujL81r""; }","7"
"mt_TqDq6jyOmL","mt_doX1BhmFgk","function() { return ""mt_TqDq6jyOmL""; }","5"
"mt__V7EnqU7gG","mt_ebPelt_qAl","function() { return ""mt_-V7EnqU7gG""; }","10"
"mt__V7EnqU7gG","mt_VgOePicFYK","function() { return ""mt_-V7EnqU7gG""; }","10"
"mt_VgOePicFYK","mt_09sySPqM9Z","function() { return ""mt_VgOePicFYK""; }","7"
"mt_VgOePicFYK","mt_CBHwluE6Lp","function() { return ""mt_VgOePicFYK""; }","7"
"mt_Vi4Vo5xs_g","mt_NaqEP8xDhZ","function() { return ""mt_Vi4Vo5xs_g""; }","11"
"mt_Vi4Vo5xs_g","mt_TqDq6jyOmL","function() { return ""mt_Vi4Vo5xs_g""; }","11"
"mt_VKW8lOcFaw","mt_AabJisinfi","function() { return ""mt_VKW8lOcFaw""; }","13"
"mt_VKW8lOcFaw","mt_ebPelt_qAl","function() { return ""mt_VKW8lOcFaw""; }","13"
"mt_VKW8lOcFaw","mt_gx6KQK5_Kx","function() { return ""mt_VKW8lOcFaw""; }","13"
"mt_wB_GBDkoNr","mt_3y7xKP9MjU","function() { return ""mt_wB-GBDkoNr""; }","8"
"mt_wB_GBDkoNr","mt_CBHwluE6Lp","function() { return ""mt_wB-GBDkoNr""; }","8"
"mt_wB_GBDkoNr","mt_TqDq6jyOmL","function() { return ""mt_wB-GBDkoNr""; }","8"
"mt_xACS3rWWDp","mt_g3W0mdADVu","function() { return ""mt_xACS3rWWDp""; }","2"
"mt_xACS3rWWDp","mt__hTTat0mBR","function() { return ""mt_xACS3rWWDp""; }","2"
"mt_Xp_rj46S2w","mt_hyvHv2BCwb","function() { return ""mt_Xp-rj46S2w""; }","4"
"mt_Xp_rj46S2w","mt_xACS3rWWDp","function() { return ""mt_Xp-rj46S2w""; }","4"
"mt_YzM5goBctT","mt_cFltwUQi_d","function() { return ""mt_YzM5goBctT""; }","3"
"mt_ZLqYE7la4Z","mt_70qDTI14td","function() { return ""mt_ZLqYE7la4Z""; }","9"
"mt_ZM9mhHsyYZ","mt_Vi4Vo5xs_g","function() { return ""mt_ZM9mhHsyYZ""; }","12"
"mt__hTTat0mBR","","function() { return ""mt_-hTTat0mBR""; }","0"
"mt_J339bO7qLe","","function() { return ""mt_J339bO7qLe""; }","6"
